{
  "Federated Model": {
    "accuracy": 0.6405405402183533,
    "loss": 0.6200992465019226,
    "auc": 0.7478998108768854,
    "precision": 0.6235807860262009,
    "recall": 0.8760736196319019,
    "f1": 0.7285714285714285
  },
  "round": 10,
  "timestamp": "/Users/nicospinu/Documents/GitHub/fl-chemsafe/vertical_fl"
}