{
  "Federated Model": {
    "accuracy": 0.6425675749778748,
    "loss": 0.6233458518981934,
    "auc": 0.7492762581299877,
    "precision": 0.6222222222222222,
    "recall": 0.8932515337423312,
    "f1": 0.7335012594458439
  },
  "round": 10,
  "timestamp": "/Users/nicospinu/Documents/GitHub/fl-chemsafe/vertical_fl"
}