{
  "Client A (~80% mut)": {
    "accuracy": 0.5506756756756757,
    "auc": 0.7269966326860094,
    "precision": 0.5506756756756757,
    "recall": 1.0,
    "f1": 0.710239651416122
  },
  "Client B (~20% mut)": {
    "accuracy": 0.4891891891891892,
    "auc": 0.7215166751233912,
    "precision": 0.9041095890410958,
    "recall": 0.08098159509202454,
    "f1": 0.14864864864864866
  }
}