{
  "Client A (~80% mut)": {
    "accuracy": 0.5506756901741028,
    "loss": 0.847576379776001,
    "auc": 0.7239559020250012,
    "precision": 0.5506756756756757,
    "recall": 1.0,
    "f1": 0.710239651416122
  },
  "Client B (~20% mut)": {
    "accuracy": 0.4493243098258972,
    "loss": 0.8564134836196899,
    "auc": 0.7033700816458324,
    "precision": 0.0,
    "recall": 0.0,
    "f1": 0.0
  },
  "Federated Model": {
    "accuracy": 0.6493242979049683,
    "loss": 0.6247645020484924,
    "auc": 0.7346076848563126,
    "precision": 0.6300527240773286,
    "recall": 0.8797546012269939,
    "f1": 0.7342549923195084
  }
}